asciiname,population,location
Toronto,2600000,"https://www.google.com/maps/?q=43.70011,-79.4163"
Montreal,1600000,"https://www.google.com/maps/?q=45.50884,-73.58781"
Calgary,1019942,"https://www.google.com/maps/?q=51.05011,-114.08529"
Ottawa,812129,"https://www.google.com/maps/?q=45.41117,-75.69812"
Edmonton,712391,"https://www.google.com/maps/?q=53.55014,-113.46871"
Mississauga,668549,"https://www.google.com/maps/?q=43.5789,-79.6583"
North York,636000,"https://www.google.com/maps/?q=43.76681,-79.4163"
Winnipeg,632063,"https://www.google.com/maps/?q=49.8844,-97.14704"
Scarborough,600000,"https://www.google.com/maps/?q=43.77223,-79.25666"
Vancouver,600000,"https://www.google.com/maps/?q=49.24966,-123.11934"
Quebec,528595,"https://www.google.com/maps/?q=46.81228,-71.21454"
Hamilton,519949,"https://www.google.com/maps/?q=43.25011,-79.84963"
Brampton,433806,"https://www.google.com/maps/?q=43.68341,-79.76633"
Surrey,394976,"https://www.google.com/maps/?q=49.10635,-122.82509"
Laval,376845,"https://www.google.com/maps/?q=45.56995,-73.692"
Halifax,359111,"https://www.google.com/maps/?q=44.64533,-63.57239"
Etobicoke,347948,"https://www.google.com/maps/?q=43.65421,-79.56711"
London,346765,"https://www.google.com/maps/?q=42.98339,-81.23304"
Okanagan,297601,"https://www.google.com/maps/?q=50.36386,-119.34997"
Victoria,289625,"https://www.google.com/maps/?q=48.43294,-123.3693"
Windsor,278013,"https://www.google.com/maps/?q=42.30008,-83.01654"
Markham,261573,"https://www.google.com/maps/?q=43.86682,-79.2663"
Oshawa,247989,"https://www.google.com/maps/?q=43.90012,-78.84957"
Gatineau,242124,"https://www.google.com/maps/?q=45.47723,-75.70164"
Vaughan,238866,"https://www.google.com/maps/?q=43.8361,-79.49827"
Kitchener,233700,"https://www.google.com/maps/?q=43.42537,-80.5112"
Longueuil,229330,"https://www.google.com/maps/?q=45.53121,-73.51806"
Burnaby,202799,"https://www.google.com/maps/?q=49.26636,-122.95263"
Ladner,200000,"https://www.google.com/maps/?q=49.08938,-123.08241"
Saskatoon,198958,"https://www.google.com/maps/?q=52.13238,-106.66892"
Richmond Hill,185541,"https://www.google.com/maps/?q=43.87111,-79.43725"
Barrie,182041,"https://www.google.com/maps/?q=44.40011,-79.66634"
Richmond,182000,"https://www.google.com/maps/?q=49.17003,-123.13683"
Nepean,180000,"https://www.google.com/maps/?q=45.35215,-75.73975"
Regina,176183,"https://www.google.com/maps/?q=50.45008,-104.6178"
Oakville,165697,"https://www.google.com/maps/?q=43.45011,-79.68292"
Burlington,164415,"https://www.google.com/maps/?q=43.38621,-79.83713"
Greater Sudbury,157857,"https://www.google.com/maps/?q=46.49,-80.99001"
Abbotsford,151683,"https://www.google.com/maps/?q=49.05798,-122.25257"
Saguenay,143692,"https://www.google.com/maps/?q=48.41675,-71.06573"
St. Catharines,131989,"https://www.google.com/maps/?q=43.17126,-79.24267"
Sherbrooke,129447,"https://www.google.com/maps/?q=45.40008,-71.89908"
Anmore,126456,"https://www.google.com/maps/?q=49.31637,-122.85263"
Levis,126396,"https://www.google.com/maps/?q=46.80326,-71.17793"
Kelowna,125109,"https://www.google.com/maps/?q=49.88307,-119.48568"
Cambridge,120372,"https://www.google.com/maps/?q=43.3601,-80.31269"
Trois-Rivieres,119693,"https://www.google.com/maps/?q=46.34515,-72.5477"
Guelph,115760,"https://www.google.com/maps/?q=43.54594,-80.25599"
East York,115365,"https://www.google.com/maps/?q=43.69053,-79.32794"
Coquitlam,114565,"https://www.google.com/maps/?q=49.28297,-122.75262"
Kingston,114195,"https://www.google.com/maps/?q=44.22976,-76.48098"
Sydney,105968,"https://www.google.com/maps/?q=46.1351,-60.1831"
Delta,101668,"https://www.google.com/maps/?q=49.14399,-122.9068"
Dartmouth,101343,"https://www.google.com/maps/?q=44.67134,-63.57719"
Thunder Bay,99334,"https://www.google.com/maps/?q=48.38202,-89.25018"
St. John's,99182,"https://www.google.com/maps/?q=47.56494,-52.70931"
Waterloo,97475,"https://www.google.com/maps/?q=43.4668,-80.51639"
Terrebonne,94703,"https://www.google.com/maps/?q=45.70004,-73.64732"
Ajax,90167,"https://www.google.com/maps/?q=43.85012,-79.03288"
Saint John,87857,"https://www.google.com/maps/?q=45.27271,-66.06766"
Pickering,87838,"https://www.google.com/maps/?q=43.90012,-79.13289"
Brantford,87759,"https://www.google.com/maps/?q=43.1334,-80.26636"
Moncton,87467,"https://www.google.com/maps/?q=46.09454,-64.7965"
Nanaimo,84905,"https://www.google.com/maps/?q=49.16638,-123.94003"
Milton,84362,"https://www.google.com/maps/?q=43.51681,-79.88294"
Sarnia,82998,"https://www.google.com/maps/?q=42.97866,-82.40407"
Niagara Falls,82000,"https://www.google.com/maps/?q=43.10012,-79.06627"
Willowdale,79440,"https://www.google.com/maps/?q=43.76672,-79.39909"
Saint-Laurent,77391,"https://www.google.com/maps/?q=45.50008,-73.66585"
Chilliwack,77000,"https://www.google.com/maps/?q=49.16638,-121.95257"
Repentigny,76237,"https://www.google.com/maps/?q=45.74222,-73.45008"
Fort McMurray,76000,"https://www.google.com/maps/?q=56.72676,-111.38103"
Peterborough,75877,"https://www.google.com/maps/?q=44.30012,-78.31623"
Sault Ste. Marie,74948,"https://www.google.com/maps/?q=46.51677,-84.33325"
Newmarket,74295,"https://www.google.com/maps/?q=44.05011,-79.46631"
La Haute-Saint-Charles,74070,"https://www.google.com/maps/?q=46.89028,-71.37222"
Red Deer,73593,"https://www.google.com/maps/?q=52.26682,-113.802"
Saint-Leonard,73423,"https://www.google.com/maps/?q=45.58773,-73.59501"
Saint-Jean-sur-Richelieu,71613,"https://www.google.com/maps/?q=45.30713,-73.26259"
Lethbridge,70617,"https://www.google.com/maps/?q=49.69999,-112.81856"
Maple Ridge,70000,"https://www.google.com/maps/?q=49.21939,-122.60193"
Brossard,69575,"https://www.google.com/maps/?q=45.45008,-73.46583"
Kamloops,68714,"https://www.google.com/maps/?q=50.66648,-120.3192"
Notre-Dame-de-Grace,67000,"https://www.google.com/maps/?q=45.47675,-73.61432"
White Rock,66450,"https://www.google.com/maps/?q=49.01636,-122.8026"
Prince George,65558,"https://www.google.com/maps/?q=53.9166,-122.75301"
Medicine Hat,63138,"https://www.google.com/maps/?q=50.03928,-110.67661"
Norfolk County,60847,"https://www.google.com/maps/?q=42.8334,-80.38297"
Drummondville,59489,"https://www.google.com/maps/?q=45.88336,-72.48241"
New Westminster,58549,"https://www.google.com/maps/?q=49.20678,-122.91092"
St. Albert,57719,"https://www.google.com/maps/?q=53.63344,-113.63533"
Sherwood Park,55063,"https://www.google.com/maps/?q=53.51684,-113.3187"
Saint-Jerome,54948,"https://www.google.com/maps/?q=45.78036,-74.00365"
Jonquiere,54842,"https://www.google.com/maps/?q=48.41648,-71.24884"
Granby,53979,"https://www.google.com/maps/?q=45.40008,-72.73243"
Fredericton,52337,"https://www.google.com/maps/?q=45.94541,-66.66558"
Welland,50331,"https://www.google.com/maps/?q=42.98342,-79.24958"
Saint-Hyacinthe,50326,"https://www.google.com/maps/?q=45.63076,-72.95699"
North Bay,50170,"https://www.google.com/maps/?q=46.3168,-79.46633"
Belleville,49454,"https://www.google.com/maps/?q=44.16682,-77.38277"
Shawinigan,49161,"https://www.google.com/maps/?q=46.56675,-72.74913"
Dollard-Des Ormeaux,48930,"https://www.google.com/maps/?q=45.49452,-73.82419"
Cornwall,48821,"https://www.google.com/maps/?q=45.01809,-74.72815"
North Vancouver,48000,"https://www.google.com/maps/?q=49.31636,-123.06934"
Vernon,47274,"https://www.google.com/maps/?q=50.26729,-119.27337"
Blainville,46493,"https://www.google.com/maps/?q=45.66678,-73.88249"
West End,44560,"https://www.google.com/maps/?q=49.28333,-123.13333"
Chatham,43550,"https://www.google.com/maps/?q=42.41224,-82.18494"
Timmins,42997,"https://www.google.com/maps/?q=48.46686,-81.33312"
Chateauguay,42786,"https://www.google.com/maps/?q=45.38338,-73.74919"
Quinte West,42697,"https://www.google.com/maps/?q=44.18342,-77.56618"
West Vancouver,42694,"https://www.google.com/maps/?q=49.36672,-123.16652"
Charlottetown,42402,"https://www.google.com/maps/?q=46.23899,-63.13414"
Rimouski,42240,"https://www.google.com/maps/?q=48.44879,-68.52396"
Saint-Eustache,42062,"https://www.google.com/maps/?q=45.565,-73.90554"
Grande Prairie,41462,"https://www.google.com/maps/?q=55.16667,-118.80271"
Boucherville,39062,"https://www.google.com/maps/?q=45.59104,-73.43605"
Salaberry-de-Valleyfield,38662,"https://www.google.com/maps/?q=45.25008,-74.13253"
Penticton,37721,"https://www.google.com/maps/?q=49.48062,-119.58584"
St. Thomas,36110,"https://www.google.com/maps/?q=42.77361,-81.18038"
Rock Forest,35500,"https://www.google.com/maps/?q=45.35699,-71.99676"
Joliette,34772,"https://www.google.com/maps/?q=46.0164,-73.4236"
Mirabel,34626,"https://www.google.com/maps/?q=45.65008,-74.08251"
Mascouche,34626,"https://www.google.com/maps/?q=45.74965,-73.59956"
Prince Albert,34609,"https://www.google.com/maps/?q=53.20008,-105.76772"
Victoriaville,34426,"https://www.google.com/maps/?q=46.05007,-71.96579"
Brant,34415,"https://www.google.com/maps/?q=43.1334,-80.34967"
Woodstock,33892,"https://www.google.com/maps/?q=43.13339,-80.7497"
Campbell River,33430,"https://www.google.com/maps/?q=50.01634,-125.24459"
Ancaster,33232,"https://www.google.com/maps/?q=43.21806,-79.98716"
Courtenay,32793,"https://www.google.com/maps/?q=49.68657,-124.9936"
Orangeville,32640,"https://www.google.com/maps/?q=43.9168,-80.09967"
North Cowichan,32272,"https://www.google.com/maps/?q=48.84133,-123.68596"
Moose Jaw,32166,"https://www.google.com/maps/?q=50.40005,-105.53445"
Midland,31502,"https://www.google.com/maps/?q=44.7501,-79.88296"
Cote-Saint-Luc,31395,"https://www.google.com/maps/?q=45.46536,-73.66585"
Saint-Georges,31173,"https://www.google.com/maps/?q=46.11353,-70.66526"
Val-d'Or,31123,"https://www.google.com/maps/?q=48.0974,-77.79737"
Stratford,30233,"https://www.google.com/maps/?q=43.36679,-80.94972"
Orillia,30178,"https://www.google.com/maps/?q=44.60868,-79.42068"
Pointe-Claire,30161,"https://www.google.com/maps/?q=45.44868,-73.81669"
Baie-Comeau,29808,"https://www.google.com/maps/?q=49.21679,-68.14894"
Alma,29526,"https://www.google.com/maps/?q=48.55009,-71.6491"
Sainte-Julie,29019,"https://www.google.com/maps/?q=45.58338,-73.33246"
West Kelowna,28793,"https://www.google.com/maps/?q=49.8625,-119.58333"
Port Moody,27512,"https://www.google.com/maps/?q=49.28297,-122.85263"
Lloydminster,27000,"https://www.google.com/maps/?q=53.27237,-110.02256"
Boisbriand,26483,"https://www.google.com/maps/?q=45.61678,-73.83249"
Brandon,26234,"https://www.google.com/maps/?q=49.84692,-99.95306"
Vaudreuil-Dorion,25789,"https://www.google.com/maps/?q=45.40008,-74.03251"
Thetford-Mines,25704,"https://www.google.com/maps/?q=46.09371,-71.30539"
Walnut Grove,25683,"https://www.google.com/maps/?q=49.16473,-122.64042"
Prince Edward,25496,"https://www.google.com/maps/?q=44.00012,-77.24946"
Sainte-Therese,25224,"https://www.google.com/maps/?q=45.63922,-73.82757"
Airdrie,24673,"https://www.google.com/maps/?q=51.30011,-114.03528"
Mount Pearl,24671,"https://www.google.com/maps/?q=47.51659,-52.78135"
Saint-Bruno-de-Montarville,24388,"https://www.google.com/maps/?q=45.53341,-73.34916"
Rouyn-Noranda,24023,"https://www.google.com/maps/?q=48.23656,-79.02311"
Saint-Constant,23957,"https://www.google.com/maps/?q=45.36678,-73.56588"
Brockville,23886,"https://www.google.com/maps/?q=44.59132,-75.68705"
Langley,23606,"https://www.google.com/maps/?q=49.10107,-122.65883"
Whitehorse,23272,"https://www.google.com/maps/?q=60.71611,-135.05375"
Owen Sound,22625,"https://www.google.com/maps/?q=44.56717,-80.94349"
Chambly,22608,"https://www.google.com/maps/?q=45.45008,-73.28246"
Sept-Iles,22582,"https://www.google.com/maps/?q=50.20011,-66.38208"
Langford,22459,"https://www.google.com/maps/?q=48.44963,-123.50261"
Duncan,22199,"https://www.google.com/maps/?q=48.78293,-123.70266"
La Prairie,21763,"https://www.google.com/maps/?q=45.41678,-73.49917"
Lower Sackville,21379,"https://www.google.com/maps/?q=44.77599,-63.67865"
Port Alberni,21282,"https://www.google.com/maps/?q=49.24133,-124.8028"
Keswick,21000,"https://www.google.com/maps/?q=44.25011,-79.46632"
Varennes,20950,"https://www.google.com/maps/?q=45.68338,-73.43246"
Clarence-Rockland,20790,"https://www.google.com/maps/?q=45.5501,-75.29101"
Truro,20650,"https://www.google.com/maps/?q=45.36685,-63.26538"
Westmount,20494,"https://www.google.com/maps/?q=45.48341,-73.59918"
Kirkland,20491,"https://www.google.com/maps/?q=45.45008,-73.86586"
Lindsay,20354,"https://www.google.com/maps/?q=44.35012,-78.73286"
New Glasgow,20322,"https://www.google.com/maps/?q=45.58344,-62.64863"
Cole Harbour,20000,"https://www.google.com/maps/?q=44.67244,-63.47506"
Glace Bay,19968,"https://www.google.com/maps/?q=46.19695,-59.95698"
Huntsville,19579,"https://www.google.com/maps/?q=45.33341,-79.21632"
Terrace,19443,"https://www.google.com/maps/?q=54.51634,-128.60345"
North Battleford,19440,"https://www.google.com/maps/?q=52.77972,-108.2967"
Beaconsfield,19194,"https://www.google.com/maps/?q=45.43341,-73.86586"
Mont-Royal,18933,"https://www.google.com/maps/?q=45.51675,-73.64918"
Beloeil,18927,"https://www.google.com/maps/?q=45.56839,-73.20568"
Corner Brook,18693,"https://www.google.com/maps/?q=48.95001,-57.95202"
Cranbrook,18610,"https://www.google.com/maps/?q=49.49991,-115.76879"
Port Colborne,18599,"https://www.google.com/maps/?q=42.90012,-79.23288"
Riviere-du-Loup,18586,"https://www.google.com/maps/?q=47.82699,-69.54243"
Dieppe,18565,"https://www.google.com/maps/?q=46.07844,-64.68735"
Thorold,18224,"https://www.google.com/maps/?q=43.11682,-79.19958"
Miramichi,18129,"https://www.google.com/maps/?q=47.02895,-65.50186"
Cobourg,18099,"https://www.google.com/maps/?q=43.95977,-78.16515"
Dorval,18088,"https://www.google.com/maps/?q=45.4473,-73.75335"
Oak Bay,18015,"https://www.google.com/maps/?q=48.44964,-123.3026"
Amos,17918,"https://www.google.com/maps/?q=48.56688,-78.11624"
Spruce Grove,17767,"https://www.google.com/maps/?q=53.53344,-113.91874"
Pitt Meadows,17410,"https://www.google.com/maps/?q=49.22119,-122.68965"
Fort St. John,17402,"https://www.google.com/maps/?q=56.24988,-120.85292"
Deux-Montagnes,17402,"https://www.google.com/maps/?q=45.53455,-73.90168"
Saint-Augustin-de-Desmaures,17281,"https://www.google.com/maps/?q=46.74064,-71.45131"
Conception Bay South,17087,"https://www.google.com/maps/?q=47.49989,-52.99806"
Saint-Lazare,17016,"https://www.google.com/maps/?q=45.40008,-74.13256"
Sainte-Catherine,16762,"https://www.google.com/maps/?q=45.40008,-73.58248"
L'Assomption,16738,"https://www.google.com/maps/?q=45.82318,-73.4294"
Edmundston,16643,"https://www.google.com/maps/?q=47.3737,-68.32512"
L'Ancienne-Lorette,16516,"https://www.google.com/maps/?q=46.79392,-71.35191"
Cochrane,16365,"https://www.google.com/maps/?q=51.18341,-114.46871"
Lutes Mountain,16311,"https://www.google.com/maps/?q=46.13544,-64.90504"
Sainte-Catherine,16211,"https://www.google.com/maps/?q=46.31836,-72.56632"
Salmon Arm,16205,"https://www.google.com/maps/?q=50.6998,-119.30237"
Rayside-Balfour,16050,"https://www.google.com/maps/?q=46.60873,-81.20763"
Petawawa,15988,"https://www.google.com/maps/?q=45.89452,-77.28007"
Fort Erie,15953,"https://www.google.com/maps/?q=42.90012,-78.93286"
Candiac,15947,"https://www.google.com/maps/?q=45.38338,-73.51587"
Yellowknife,15865,"https://www.google.com/maps/?q=62.45411,-114.37248"
Collingwood,15809,"https://www.google.com/maps/?q=44.4834,-80.21638"
Mont-Saint-Hilaire,15720,"https://www.google.com/maps/?q=45.56515,-73.1868"
Camrose,15686,"https://www.google.com/maps/?q=53.01684,-112.83525"
Yorkton,15669,"https://www.google.com/maps/?q=51.2167,-102.46766"
Saint-Basile-le-Grand,15605,"https://www.google.com/maps/?q=45.53338,-73.28246"
Leduc,15561,"https://www.google.com/maps/?q=53.26682,-113.55201"
Pembroke,15551,"https://www.google.com/maps/?q=45.81681,-77.11616"
Magog,15550,"https://www.google.com/maps/?q=45.26678,-72.14909"
Greater Napanee,15132,"https://www.google.com/maps/?q=44.25012,-76.94944"
Kenora,15096,"https://www.google.com/maps/?q=49.76741,-94.48985"
le Plateau,15000,"https://www.google.com/maps/?q=45.43514,-75.7803"
Fort Saskatchewan,14957,"https://www.google.com/maps/?q=53.71684,-113.2187"
Okotoks,14826,"https://www.google.com/maps/?q=50.72885,-113.98281"
Gaspe,14819,"https://www.google.com/maps/?q=48.83341,-64.48194"
Matane,14812,"https://www.google.com/maps/?q=48.82857,-67.52197"
Summerside,14808,"https://www.google.com/maps/?q=46.39593,-63.78762"
Prince Rupert,14708,"https://www.google.com/maps/?q=54.31507,-130.32098"
Swift Current,14703,"https://www.google.com/maps/?q=50.28337,-107.80135"
Colwood,14687,"https://www.google.com/maps/?q=48.43293,-123.48591"
Rosemere,14173,"https://www.google.com/maps/?q=45.63338,-73.79919"
Williams Lake,14168,"https://www.google.com/maps/?q=52.14153,-122.14451"
Saint-Lin-Laurentides,14159,"https://www.google.com/maps/?q=45.85008,-73.76588"
Simcoe,13922,"https://www.google.com/maps/?q=42.8334,-80.29967"
Quesnel,13788,"https://www.google.com/maps/?q=52.97842,-122.4931"
Bay Roberts,13737,"https://www.google.com/maps/?q=47.59989,-53.26478"
Mont-Laurier,13405,"https://www.google.com/maps/?q=46.55011,-75.4993"
Portage la Prairie,12957,"https://www.google.com/maps/?q=49.97282,-98.29263"
Dolbeau-Mistassini,12916,"https://www.google.com/maps/?q=48.8786,-72.23142"
Powell River,12779,"https://www.google.com/maps/?q=49.83278,-124.52368"
Brooks,12744,"https://www.google.com/maps/?q=50.58341,-111.88509"
Bathurst,12714,"https://www.google.com/maps/?q=47.61814,-65.65112"
Kentville,12636,"https://www.google.com/maps/?q=45.0771,-64.49605"
Elliot Lake,12508,"https://www.google.com/maps/?q=46.38336,-82.63315"
Thompson,12467,"https://www.google.com/maps/?q=55.7435,-97.85579"
Aldergrove,12363,"https://www.google.com/maps/?q=49.05801,-122.47087"
Canmore,12288,"https://www.google.com/maps/?q=51.08335,-115.35206"
Hawkesbury,12283,"https://www.google.com/maps/?q=45.60009,-74.61595"
North Perth,12254,"https://www.google.com/maps/?q=43.7251,-80.96723"
Grand Falls-Windsor,12076,"https://www.google.com/maps/?q=48.93324,-55.66492"
Parksville,12000,"https://www.google.com/maps/?q=49.31947,-124.31575"
Beauharnois,11918,"https://www.google.com/maps/?q=45.31341,-73.8725"
Ingersoll,11874,"https://www.google.com/maps/?q=43.03339,-80.88302"
Montmagny,11724,"https://www.google.com/maps/?q=46.98043,-70.55493"
Cold Lake,11595,"https://www.google.com/maps/?q=54.46525,-110.18154"
Sainte-Marie,11584,"https://www.google.com/maps/?q=46.43401,-71.01168"
Uxbridge,11531,"https://www.google.com/maps/?q=44.10012,-79.11628"
Fall River,11526,"https://www.google.com/maps/?q=44.81685,-63.6154"
Amherstburg,11459,"https://www.google.com/maps/?q=42.11679,-83.04985"
Sainte-Marthe-sur-le-Lac,11311,"https://www.google.com/maps/?q=45.53338,-73.9325"
Wetaskiwin,11302,"https://www.google.com/maps/?q=52.96683,-113.36869"
Pincourt,11197,"https://www.google.com/maps/?q=45.38338,-73.9825"
Paris,11177,"https://www.google.com/maps/?q=43.2,-80.38333"
Becancour,11134,"https://www.google.com/maps/?q=46.33336,-72.43241"
North Saanich,11089,"https://www.google.com/maps/?q=48.66634,-123.41933"
Cowansville,10887,"https://www.google.com/maps/?q=45.20008,-72.74913"
Dawson Creek,10802,"https://www.google.com/maps/?q=55.75984,-120.2403"
Sainte-Anne-des-Plaines,10680,"https://www.google.com/maps/?q=45.76468,-73.81156"
Lambton Shores,10656,"https://www.google.com/maps/?q=43.16678,-81.93309"
Sainte-Adele,10634,"https://www.google.com/maps/?q=45.95008,-74.13251"
Les Coteaux,10622,"https://www.google.com/maps/?q=45.28338,-74.23254"
Whistler,10600,"https://www.google.com/maps/?q=50.1164,-122.96946"
Smiths Falls,10553,"https://www.google.com/maps/?q=44.90452,-76.02333"
Sylvan Lake,10518,"https://www.google.com/maps/?q=52.311,-114.08375"
Temiskaming Shores,10442,"https://www.google.com/maps/?q=47.49376,-79.71529"
Cantley,10412,"https://www.google.com/maps/?q=45.5668,-75.78265"
Rawdon,10400,"https://www.google.com/maps/?q=46.05007,-73.71587"
Labrador City,10313,"https://www.google.com/maps/?q=52.94626,-66.91137"
Angus,10269,"https://www.google.com/maps/?q=44.31681,-79.88295"
Prevost,10132,"https://www.google.com/maps/?q=45.86678,-74.08251"
Mercier,10121,"https://www.google.com/maps/?q=45.31678,-73.74919"
Lacombe,10059,"https://www.google.com/maps/?q=52.46681,-113.7353"
Strathmore,10009,"https://www.google.com/maps/?q=51.05011,-113.38523"
Hanceville,10000,"https://www.google.com/maps/?q=51.91922,-123.04458"
South Huron,9982,"https://www.google.com/maps/?q=43.31679,-81.51647"
Bells Corners,9977,"https://www.google.com/maps/?q=45.31588,-75.83012"
L'Ile-Perrot,9927,"https://www.google.com/maps/?q=45.38338,-73.9492"
Estevan,9904,"https://www.google.com/maps/?q=49.13337,-102.98422"
Hinton,9889,"https://www.google.com/maps/?q=53.40009,-117.58567"
Notre-Dame-de-l'Ile-Perrot,9885,"https://www.google.com/maps/?q=45.36678,-73.9325"
High River,9826,"https://www.google.com/maps/?q=50.58341,-113.86867"
Nelson,9813,"https://www.google.com/maps/?q=49.49985,-117.28553"
Carleton Place,9743,"https://www.google.com/maps/?q=45.13341,-76.14938"
Trail,9707,"https://www.google.com/maps/?q=49.09983,-117.70223"
Selkirk,9653,"https://www.google.com/maps/?q=50.1436,-96.88452"
Lorraine,9613,"https://www.google.com/maps/?q=45.68338,-73.78249"
Steinbach,9607,"https://www.google.com/maps/?q=49.52579,-96.68451"
Arnprior,9607,"https://www.google.com/maps/?q=45.43341,-76.34939"
Lachute,9562,"https://www.google.com/maps/?q=45.65008,-74.33253"
Val-des-Monts,9539,"https://www.google.com/maps/?q=45.6501,-75.66604"
La Tuque,9503,"https://www.google.com/maps/?q=47.43337,-72.7824"
Weyburn,9362,"https://www.google.com/maps/?q=49.66675,-103.85109"
Amherst,9336,"https://www.google.com/maps/?q=45.83345,-64.19874"
Dorchester,9329,"https://www.google.com/maps/?q=42.98339,-81.06643"
Roberval,9287,"https://www.google.com/maps/?q=48.5168,-72.23244"
Saint-Raymond,9273,"https://www.google.com/maps/?q=45.46698,-73.60948"
Huron East,9264,"https://www.google.com/maps/?q=43.61679,-81.29975"
Kapuskasing,9240,"https://www.google.com/maps/?q=49.41694,-82.43308"
Saint-Sauveur,9191,"https://www.google.com/maps/?q=45.88686,-74.17943"
Oromocto,8998,"https://www.google.com/maps/?q=45.83512,-66.47917"
Kitimat,8987,"https://www.google.com/maps/?q=54.05244,-128.65342"
La Malbaie,8959,"https://www.google.com/maps/?q=47.654,-70.15268"
Stony Plain,8939,"https://www.google.com/maps/?q=53.53343,-114.00205"
Mont-Tremblant,8892,"https://www.google.com/maps/?q=46.21274,-74.58438"
Binbrook,8796,"https://www.google.com/maps/?q=43.12135,-79.81104"
Whitecourt,8763,"https://www.google.com/maps/?q=54.15015,-115.68548"
Lavaltrie,8762,"https://www.google.com/maps/?q=45.88338,-73.28245"
Ladysmith,8740,"https://www.google.com/maps/?q=48.99016,-123.81699"
Pont-Rouge,8723,"https://www.google.com/maps/?q=46.75468,-71.69566"
Castlegar,8715,"https://www.google.com/maps/?q=49.29984,-117.66894"
Otterburn Park,8464,"https://www.google.com/maps/?q=45.53338,-73.21585"
Dauphin,8418,"https://www.google.com/maps/?q=51.14941,-100.05023"
Bois-des-Filion,8383,"https://www.google.com/maps/?q=45.66678,-73.74918"
Winkler,8270,"https://www.google.com/maps/?q=49.1817,-97.94104"
Concord,8255,"https://www.google.com/maps/?q=43.80011,-79.48291"
Bracebridge,8238,"https://www.google.com/maps/?q=45.03341,-79.31633"
Notre-Dame-des-Prairies,8230,"https://www.google.com/maps/?q=46.05007,-73.43245"
Dryden,8195,"https://www.google.com/maps/?q=49.78334,-92.75032"
Taber,8163,"https://www.google.com/maps/?q=49.78703,-112.14603"
Morinville,8108,"https://www.google.com/maps/?q=53.80014,-113.65203"
Silver Berry,8089,"https://www.google.com/maps/?q=53.45787,-113.3817"
Saint-Felicien,8088,"https://www.google.com/maps/?q=48.65007,-72.44906"
Saint-Hippolyte,8083,"https://www.google.com/maps/?q=45.93338,-74.0159"
Bridgewater,8070,"https://www.google.com/maps/?q=44.37856,-64.51882"
Goderich,8032,"https://www.google.com/maps/?q=43.74171,-81.71339"
Wild Rose,8031,"https://www.google.com/maps/?q=53.4708,-113.38119"
Renfrew,8018,"https://www.google.com/maps/?q=45.46681,-76.68272"
Edson,7975,"https://www.google.com/maps/?q=53.58345,-116.43559"
Fort Frances,7931,"https://www.google.com/maps/?q=48.61667,-93.4003"
Chandler,7914,"https://www.google.com/maps/?q=48.34935,-64.67926"
Kirkland Lake,7775,"https://www.google.com/maps/?q=48.14461,-80.03767"
Slave Lake,7661,"https://www.google.com/maps/?q=55.28344,-114.76896"
Happy Valley-Goose Bay,7572,"https://www.google.com/maps/?q=53.3038,-60.32576"
Wasaga Beach,7567,"https://www.google.com/maps/?q=44.5168,-80.01637"
Chibougamau,7563,"https://www.google.com/maps/?q=49.91684,-74.36586"
Revelstoke,7533,"https://www.google.com/maps/?q=50.99712,-118.1953"
Aylmer,7527,"https://www.google.com/maps/?q=42.76679,-80.98302"
Pont Rouge,7518,"https://www.google.com/maps/?q=48.88332,-72.08247"
Camlachie,7506,"https://www.google.com/maps/?q=43.03596,-82.1616"
Banff,7502,"https://www.google.com/maps/?q=51.17622,-115.56982"
Yarmouth,7500,"https://www.google.com/maps/?q=43.83345,-66.11557"
Carignan,7426,"https://www.google.com/maps/?q=45.45008,-73.29916"
Campbellton,7384,"https://www.google.com/maps/?q=48.00751,-66.67272"
Beaumont,7366,"https://www.google.com/maps/?q=53.35013,-113.41871"
Innisfil,7345,"https://www.google.com/maps/?q=44.30011,-79.64964"
Delson,7322,"https://www.google.com/maps/?q=45.36678,-73.54917"
Sydney Mines,7312,"https://www.google.com/maps/?q=46.23669,-60.21767"
Baie-Saint-Paul,7288,"https://www.google.com/maps/?q=47.44109,-70.49858"
Hanover,7255,"https://www.google.com/maps/?q=44.15009,-81.03303"
La Sarre,7206,"https://www.google.com/maps/?q=48.80019,-79.19964"
Asbestos,7190,"https://www.google.com/maps/?q=45.76678,-71.9324"
Merritt,7179,"https://www.google.com/maps/?q=50.11225,-120.7942"
Bluewater,7044,"https://www.google.com/maps/?q=43.46679,-81.59977"
Coaticook,7021,"https://www.google.com/maps/?q=45.13339,-71.79907"
Hampstead,6996,"https://www.google.com/maps/?q=45.48064,-73.66307"
Olds,6947,"https://www.google.com/maps/?q=51.78341,-114.10199"
Greenwood,6915,"https://www.google.com/maps/?q=44.97413,-64.93169"
Gibsons,6821,"https://www.google.com/maps/?q=49.39539,-123.50555"
Carbonear,6814,"https://www.google.com/maps/?q=47.73319,-53.21478"
Saint-Zotique,6773,"https://www.google.com/maps/?q=45.25009,-74.24924"
Kincardine,6725,"https://www.google.com/maps/?q=44.18339,-81.63307"
Plessisville,6677,"https://www.google.com/maps/?q=46.21856,-71.76201"
Brownsburg-Chatham,6664,"https://www.google.com/maps/?q=45.68342,-74.4159"
Ponoka,6656,"https://www.google.com/maps/?q=52.6768,-113.58147"
Mont-Joli,6568,"https://www.google.com/maps/?q=48.58388,-68.19214"
Rocky Mountain House,6527,"https://www.google.com/maps/?q=52.36683,-114.9188"
Kimberley,6513,"https://www.google.com/maps/?q=49.67071,-115.9776"
Perth,6481,"https://www.google.com/maps/?q=44.90011,-76.24939"
Parry Sound,6469,"https://www.google.com/maps/?q=45.34732,-80.03527"
Pointe-Calumet,6396,"https://www.google.com/maps/?q=45.50008,-73.9659"
Morden,6395,"https://www.google.com/maps/?q=49.1919,-98.10136"
Coaldale,6317,"https://www.google.com/maps/?q=49.7167,-112.61854"
Summerland,6292,"https://www.google.com/maps/?q=49.59977,-119.66911"
Stephenville,6278,"https://www.google.com/maps/?q=48.55001,-58.5818"
Amqui,6261,"https://www.google.com/maps/?q=48.46382,-67.43134"
Beauceville,6226,"https://www.google.com/maps/?q=46.21785,-70.77873"
Saint-Joseph-du-Lac,6195,"https://www.google.com/maps/?q=45.53338,-73.9992"
Sooke,6145,"https://www.google.com/maps/?q=48.37463,-123.72762"
Iqaluit,6124,"https://www.google.com/maps/?q=63.74697,-68.51727"
Drayton Valley,6099,"https://www.google.com/maps/?q=53.21682,-114.98544"
Farnham,6061,"https://www.google.com/maps/?q=45.28338,-72.98244"
The Pas,6055,"https://www.google.com/maps/?q=53.82509,-101.25413"
Bromont,6049,"https://www.google.com/maps/?q=45.31678,-72.64912"
Saint-Felix-de-Valois,6029,"https://www.google.com/maps/?q=46.16977,-73.42525"
